zip,borough,n_rentstab_buildings,pct_burden_30_plus,pct_burden_50_plus,renter_total,rentstab_density
10001,Manhattan,137,40.3,18.5,11939,11.47499790602228
10002,Manhattan,603,52.2,27.2,29732,20.28117852818512
10003,Manhattan,664,47.0,23.6,15410,43.08890330953926
10004,Manhattan,4,51.1,19.4,1060,3.773584905660377
10005,Manhattan,8,47.4,26.9,4323,1.850566736062919
10006,Manhattan,10,40.9,24.9,1812,5.518763796909492
10007,Manhattan,24,34.2,14.7,2326,10.318142734307825
10009,Manhattan,537,43.3,20.8,26954,19.922831490687837
10010,Manhattan,165,43.7,22.5,11276,14.632848527846754
10011,Manhattan,532,44.0,20.0,17822,29.850746268656717
10012,Manhattan,350,39.7,19.9,9229,37.92393542095569
10013,Manhattan,297,46.7,24.6,8548,34.74496958352831
10014,Manhattan,496,38.2,19.8,11979,41.40579347190918
10016,Manhattan,368,47.2,24.3,22651,16.24652333230321
10017,Manhattan,74,57.8,33.8,6602,11.208724628900333
10018,Manhattan,59,49.5,24.7,4254,13.869299482839681
10019,Manhattan,373,44.6,18.5,21120,17.660984848484848
10021,Manhattan,387,39.1,20.7,11579,33.42257535193022
10022,Manhattan,245,47.7,26.9,9018,27.16788644932357
10023,Manhattan,611,42.9,22.0,23354,26.162541748736835
10024,Manhattan,696,42.3,18.2,18943,36.74180436044977
10025,Manhattan,737,47.7,29.2,28474,25.883261923157967
10026,Manhattan,374,43.2,23.7,11964,31.260448010698763
10027,Manhattan,519,50.5,29.9,20525,25.28623629719854
10028,Manhattan,511,41.2,21.8,16175,31.5919629057187
10029,Manhattan,564,53.3,29.7,31242,18.0526214710966
10030,Manhattan,321,64.8,38.2,11306,28.392004245533347
10031,Manhattan,553,52.4,31.6,19316,28.629115758956306
10032,Manhattan,517,58.1,28.6,19748,26.17986631557626
10033,Manhattan,436,53.7,29.6,16811,25.935399440842307
10034,Manhattan,296,52.4,27.9,13527,21.882161602720487
10035,Manhattan,310,54.1,30.2,13939,22.239758949709447
10036,Manhattan,274,49.3,22.6,17003,16.114803270011173
10037,Manhattan,113,57.1,31.0,9014,12.536055025515864
10038,Manhattan,51,47.3,23.1,6951,7.3370738023306
10039,Manhattan,175,55.2,26.1,11195,15.631978561857972
10040,Manhattan,291,53.6,34.2,13347,21.802652281411554
10044,Manhattan,2,56.5,32.0,4199,0.4763038818766373
10065,Manhattan,235,44.8,23.7,10336,22.736068111455108
10069,Manhattan,5,41.7,20.8,2100,2.380952380952381
10075,Manhattan,227,48.1,21.2,6328,35.87231352718078
10128,Manhattan,535,40.8,24.2,21089,25.368675612878754
10162,Manhattan,1,51.6,49.5,746,1.3404825737265416
10280,Manhattan,2,34.3,21.9,2780,0.7194244604316548
10282,Manhattan,7,40.0,17.1,2104,3.326996197718631
10301,StatenIsland,79,55.4,27.5,7900,10.0
10302,StatenIsland,24,72.8,42.9,2722,8.81704628949302
10303,StatenIsland,7,60.8,41.4,3053,2.2928267278087127
10304,StatenIsland,38,55.8,31.7,7988,4.757135703555333
10305,StatenIsland,26,55.4,33.0,5537,4.695683583167781
10306,StatenIsland,21,59.7,34.0,6163,3.4074314457244848
10307,StatenIsland,3,42.6,17.4,822,3.649635036496351
10308,StatenIsland,5,58.0,22.6,2128,2.3496240601503757
10309,StatenIsland,1,65.7,39.3,2892,0.3457814661134163
10310,StatenIsland,16,53.6,34.2,3615,4.426002766251728
10314,StatenIsland,19,49.2,27.8,8490,2.237926972909305
10451,Bronx,228,62.3,37.2,19333,11.7933067811514
10452,Bronx,457,63.0,38.1,27776,16.453052995391705
10453,Bronx,489,65.3,42.0,26922,18.16358368620459
10454,Bronx,267,61.0,37.9,14112,18.920068027210885
10455,Bronx,285,61.2,35.0,15075,18.905472636815922
10456,Bronx,585,59.9,38.4,30406,19.239623758468724
10457,Bronx,567,58.2,34.5,26242,21.60658486395854
10458,Bronx,800,62.9,38.4,27899,28.674862898311765
10459,Bronx,375,63.1,41.3,16123,23.258698753333746
10460,Bronx,385,61.0,39.8,20818,18.493611297915265
10461,Bronx,267,59.1,33.9,13645,19.567607182117992
10462,Bronx,268,59.0,35.2,22738,11.786436801829536
10463,Bronx,279,55.1,30.9,18964,14.712086057793716
10463,Manhattan,33,55.1,30.9,18964,1.7401392111368912
10464,Bronx,6,56.8,32.9,500,12.0
10465,Bronx,16,55.4,33.9,7102,2.2528865108420164
10466,Bronx,251,57.7,33.1,14987,16.747848135050376
10467,Bronx,667,57.9,35.4,32910,20.267395928289275
10468,Bronx,559,66.0,39.0,26029,21.476045948749473
10469,Bronx,144,59.6,34.7,11632,12.379642365887207
10470,Bronx,94,47.2,22.4,3790,24.80211081794195
10471,Bronx,67,45.4,15.8,3785,17.701453104359313
10472,Bronx,248,65.7,39.8,18578,13.349122618150501
10473,Bronx,82,53.8,25.2,16300,5.030674846625766
10474,Bronx,82,59.1,40.7,3501,23.42187946301057
10475,Bronx,36,48.1,18.2,10823,3.326249653515661
11001,Queens,1,53.0,32.6,1245,0.8032128514056224
11004,Queens,7,35.6,16.7,1438,4.867872044506259
11005,Queens,1,73.8,32.1,84,11.904761904761903
11101,Queens,340,41.2,20.0,17939,18.953118902948884
11102,Queens,530,42.5,20.6,12063,43.93600265273978
11103,Queens,762,45.1,21.0,13998,54.43634804972139
11104,Queens,316,52.0,19.3,9791,32.274537840874274
11105,Queens,282,42.8,19.7,12076,23.352103345478636
11106,Queens,561,46.1,23.7,16088,34.87071108901044
11201,Brooklyn,391,40.0,19.5,21810,17.927556166895922
11203,Brooklyn,358,58.0,33.5,17665,20.266062836116618
11204,Brooklyn,274,58.1,32.5,16297,16.812910351598454
11205,Brooklyn,293,46.3,28.3,12908,22.699101332506974
11206,Brooklyn,669,51.7,24.9,30955,21.612017444677758
11207,Brooklyn,552,56.0,31.0,26405,20.905131603862905
11208,Brooklyn,284,53.9,31.5,25836,10.992413686329154
11209,Brooklyn,548,46.7,27.7,19413,28.228506670787617
11210,Brooklyn,242,54.5,31.8,11562,20.930634838263277
11211,Brooklyn,806,41.8,26.1,23292,34.60415593336768
11212,Brooklyn,335,57.1,33.4,28705,11.670440689775301
11213,Brooklyn,546,54.4,29.9,22771,23.977866584691053
11214,Brooklyn,426,55.3,31.6,20173,21.117335051801916
11215,Brooklyn,800,34.3,14.4,17187,46.546808634433
11216,Brooklyn,802,42.9,21.7,21352,37.56088422630199
11217,Brooklyn,335,40.8,18.8,14671,22.834162633767296
11218,Brooklyn,339,51.3,29.5,15656,21.653040367910066
11219,Brooklyn,418,60.6,39.2,18374,22.74953738978992
11220,Brooklyn,830,55.8,32.9,20836,39.83490113265502
11221,Brooklyn,928,51.4,29.1,28796,32.22669815252119
11222,Brooklyn,949,41.5,18.5,17452,54.37772175108869
11223,Brooklyn,205,59.8,37.4,16930,12.108682811577083
11224,Brooklyn,69,57.6,31.3,14886,4.635227730753728
11225,Brooklyn,481,45.6,27.4,20085,23.948220064724918
11226,Brooklyn,909,49.5,26.6,32796,27.716794731064766
11228,Brooklyn,77,55.6,33.3,6633,11.608623548922056
11229,Brooklyn,231,53.0,31.2,16211,14.249583616063168
11230,Brooklyn,404,57.2,32.1,22864,17.669699090272918
11231,Brooklyn,217,33.0,14.0,11665,18.602657522503215
11232,Brooklyn,257,48.1,26.2,6825,37.65567765567766
11233,Brooklyn,670,53.7,29.5,25133,26.65817849043091
11234,Brooklyn,32,53.7,28.5,9438,3.3905488450942993
11235,Brooklyn,253,64.3,36.9,22727,11.132133585603027
11236,Brooklyn,45,53.0,30.0,15014,2.9972026108964966
11237,Brooklyn,1129,56.9,29.3,16011,70.51402161014303
11238,Brooklyn,646,38.6,19.1,20189,31.99762246768042
11239,Brooklyn,43,54.1,23.0,7487,5.743288366501937
11249,Brooklyn,133,37.9,18.5,15001,8.866075594960336
11354,Queens,179,64.2,35.5,12584,14.22441195168468
11355,Queens,249,65.0,36.4,20690,12.034799420009666
11356,Queens,28,58.7,39.6,4101,6.827603023652768
11357,Queens,42,56.2,38.4,3577,11.741682974559687
11358,Queens,139,57.4,36.1,5594,24.84805148373257
11360,Queens,8,51.3,27.5,2120,3.773584905660377
11361,Queens,60,48.2,26.4,4614,13.003901170351106
11362,Queens,5,40.9,15.1,1800,2.7777777777777777
11363,Queens,7,67.9,35.8,769,9.102730819245773
11364,Queens,27,58.3,36.2,3993,6.7618332081142
11365,Queens,48,50.4,23.3,8779,5.467593119945324
11366,Queens,14,36.5,13.5,1294,10.819165378670787
11367,Queens,70,55.2,29.6,7161,9.775171065493646
11368,Queens,790,55.9,30.5,23144,34.134116833736606
11369,Queens,46,58.6,25.6,5442,8.452774715178244
11370,Queens,43,55.5,30.0,5050,8.514851485148515
11372,Queens,325,53.0,32.0,16088,20.201392342118346
11373,Queens,487,59.4,31.5,23884,20.39021939373639
11374,Queens,138,53.0,29.0,11417,12.087238328807919
11375,Queens,209,46.8,25.9,16855,12.399881340848413
11377,Queens,601,53.0,23.9,23705,25.353300991352036
11378,Queens,48,55.8,29.2,5753,8.343472970624022
11379,Queens,47,51.7,30.5,5626,8.354070387486669
11385,Queens,1273,47.1,22.2,26193,48.600771198411785
11411,Queens,4,60.6,33.1,1016,3.937007874015748
11412,Queens,15,54.5,28.7,3422,4.383401519579193
11413,Queens,9,51.4,26.9,3693,2.4370430544272947
11414,Queens,10,57.3,35.6,3056,3.2722513089005236
11415,Queens,93,54.3,32.9,5043,18.441403926234383
11416,Queens,40,60.8,35.3,3864,10.351966873706004
11417,Queens,32,52.7,32.2,3968,8.064516129032258
11418,Queens,98,52.5,31.6,6031,16.2493782125684
11419,Queens,48,61.5,33.8,5084,9.44138473642801
11420,Queens,7,55.6,31.5,3909,1.7907393195190586
11421,Queens,37,53.9,31.7,5474,6.759225429302155
11422,Queens,2,54.2,26.7,3330,0.6006006006006006
11423,Queens,44,60.4,35.8,4262,10.323791647114032
11426,Queens,3,52.8,18.1,1905,1.574803149606299
11427,Queens,23,51.5,26.7,3076,7.477243172951885
11428,Queens,15,69.4,48.8,1580,9.493670886075948
11429,Queens,5,57.7,27.9,2220,2.252252252252252
11432,Queens,223,56.9,34.4,13346,16.709126329986514
11433,Queens,55,61.6,29.8,5898,9.325194981349611
11434,Queens,16,50.2,27.8,11999,1.3334444537044754
11435,Queens,167,56.2,27.4,12853,12.993075546565004
11436,Queens,1,61.2,42.6,2294,0.4359197907585004
11691,Queens,156,55.7,29.8,16665,9.36093609360936
11692,Queens,17,62.5,34.6,5400,3.148148148148148
11693,Queens,47,52.2,34.2,2847,16.50860554970144
11694,Queens,30,42.3,22.3,3963,7.57002271006813
